doi	title	authors	title_name	year	downloads	visitors	countries
10.3171/2014.11.jns14770	Effect of exosomes derived from multipluripotent mesenchymal stromal cells on functional recovery and neurovascular plasticity in rats after traumatic brain injury	Yanlu Zhang, Michael Chopp, Yuling Meng, Mark Katakowski, Hongqi Xin, Asim Mahmood, Ye Xiong	Journal of Neurosurgery	2015	34	30	13
10.3171/2014.7.jns131644	Meningiomas: knowledge base, treatment outcomes, and uncertainties. A RANO review	Leland Rogers, Igor Barani, Marc Chamberlain, Thomas J. Kaley, Michael McDermott, Jeffrey Raizer, David Schiff, Damien C. Weber, Patrick Y. Wen, Michael A. Vogelbaum	Journal of Neurosurgery	2015	26	26	15
10.3171/2014.10.jns132545	Hypertonic saline reduces cumulative and daily intracranial pressure burdens after severe traumatic brain injury	Halinder S. Mangat, Ya-Lin Chiu, Linda M. Gerber, Marjan Alimi, Jamshid Ghajar, Roger Härtl	Journal of Neurosurgery	2015	25	22	12
10.3171/2014.10.jns142061	Preservation of the nerves to the frontalis muscle during pterional craniotomy	Tomas Poblete, Xiaochun Jiang, Noritaka Komune, Ken Matsushima, Albert L. Rhoton	Journal of Neurosurgery	2015	24	22	9
10.3171/2014.10.jns1460	Impact of intracranial pressure monitoring on mortality in patients with traumatic brain injury: a systematic review and meta-analysis	Qiang Yuan, Xing Wu, Yirui Sun, Jian Yu, Zhiqi Li, Zhuoying Du, Ying Mao, Liangfu Zhou, Jin Hu	Journal of Neurosurgery	2015	21	18	12
10.3171/2014.4.jns131711	Meta-analysis comparing deep brain stimulation of the globus pallidus and subthalamic nucleus to treat advanced Parkinson disease	Yi Liu, Weina Li, Changhong Tan, Xi Liu, Xin Wang, Yuejiang Gui, Lu Qin, Fen Deng, Changlin Hu, Lifen Chen	Journal of Neurosurgery	2014	17	17	12
10.3171/2014.7.peds14322	Pediatric hydrocephalus: systematic literature review and evidence-based guidelines. Part 2: Management of posthemorrhagic hydrocephalus in premature infants	Catherine A. Mazzola, Asim F. Choudhri, Kurtis I. Auguste, David D. Limbrick, Marta Rogido, Laura Mitchell, Ann Marie Flannery	Journal of Neurosurgery: Pediatrics	2014	19	16	12
10.3171/2015.5.focus15143	The genetic basis of intradural spinal tumors and its impact on clinical treatment	Michael Karsy, Jian Guan, Walavan Sivakumar, Jayson A. Neil, Meic H. Schmidt, Mark A. Mahan	Neurosurgical Focus	2015	15	15	7
10.3171/2014.10.jns141720	Apoplexy of pituitary adenomas: the perfect storm	Edward H. Oldfield, Marsha J. Merrill	Journal of Neurosurgery	2015	16	14	12
10.3171/2014.12.jns141083	Invasion of the cavernous sinus space in pituitary adenomas: endoscopic verification and its correlation with an MRI-based classification	Alexander S. G. Micko, Adelheid Wöhrer, Stefan Wolfsberger, Engelbert Knosp	Journal of Neurosurgery	2015	14	14	9
10.3171/2014.7.peds14328	Pediatric hydrocephalus: systematic literature review and evidence-based guidelines. Part 8: Management of cerebrospinal fluid shunt infection	Mandeep S. Tamber, Paul Klimo, Catherine A. Mazzola, Ann Marie Flannery	Journal of Neurosurgery: Pediatrics	2014	15	14	9
10.3171/2014.9.jns14405	Complications following cranioplasty: incidence and predictors in 348 cases	Mario Zanaty, Nohra Chalouhi, Robert M. Starke, Shannon W. Clark, Cory D. Bovenzi, Mark Saigh, Eric Schwartz, Emily S. I. Kunkel, Alexandra S. Efthimiadis-Budike, Pascal Jabbour, Richard Dalyai, Robert H. Rosenwasser, Stavropoula I. Tjoumakaris	Journal of Neurosurgery	2015	16	14	8
10.3171/2014.11.jns132618	Deep brain stimulation versus anterior capsulotomy for obsessive-compulsive disorder: a review of the literature	Joshua Pepper, Marwan Hariz, Ludvic Zrinzo	Journal of Neurosurgery	2015	14	13	10
10.3171/2014.8.jns1483	Brainstem arteriovenous malformations: anatomical subtypes, assessment of “occlusion in situ” technique, and microsurgical results	Seunggu J. Han, Dario J. Englot, Helen Kim, Michael T. Lawton	Journal of Neurosurgery	2015	13	13	7
10.3171/2014.10.jns132647	Contemporary model of language organization: an overview for neurosurgeons	Edward F. Chang, Kunal P. Raygor, Mitchel S. Berger	Journal of Neurosurgery	2015	13	12	8
10.3171/2014.10.jns141520	Awake craniotomy to maximize glioma resection: methods and technical nuances over a 27-year period	Shawn L. Hervey-Jumper, Jing Li, Darryl Lau, Annette M. Molinaro, David W. Perry, Lingzhong Meng, Mitchel S. Berger	Journal of Neurosurgery	2015	13	12	11
10.3171/2014.11.jns14315	Microsurgical anatomy of the central lobe	Thomas Frigeri, Eliseu Paglioli, Evandro de Oliveira, Albert L. Rhoton	Journal of Neurosurgery	2015	12	12	6
10.3171/2014.12.jns14931	Aneurysm diameter as a risk factor for pretreatment rebleeding: a meta-analysis	Hieronymus D. Boogaarts, Jasper H. van Lieshout, Martinus J. van Amerongen, Joost de Vries, André L. M. Verbeek, J. André Grotenhuis, Gert P. Westert, Ronald H. M. A. Bartels	Journal of Neurosurgery	2015	12	12	5
10.3171/2015.2.jns132876	Quantitative analysis of the Kawase versus the modified Dolenc-Kawase approach for middle cranial fossa lesions with variable anteroposterior extension	Manjul Tripathi, Rama Chandra Deo, Ashish Suri, Vinkle Srivastav, Britty Baby, Subodh Kumar, Prem Kalra, Subhashis Banerjee, Sanjiva Prasad, Kolin Paul, Tara Sankar Roy, Sanjeev Lalwani	Journal of Neurosurgery	2015	15	12	7
10.3171/2014.10.spine14690	Intranasal delivery of bone marrow stromal cells to spinal cord lesions	Koshi Ninomiya, Koichi Iwatsuki, Yu-ichiro Ohnishi, Toshika Ohkawa, Toshiki Yoshimine	Journal of Neurosurgery: Spine	2015	12	11	8
10.3171/2014.9.jns132823	Upper brachial plexus injury in adults: comparative effectiveness of different repair techniques	Zarina S. Ali, Gregory G. Heuer, Ryan W. F. Faught, Shriya H. Kaneriya, Umar A. Sheikh, Idrees S. Syed, Sherman C. Stein, Eric L. Zager	Journal of Neurosurgery	2015	11	11	6
10.3171/2014.10.jns141204	Management and outcomes of pituitary apoplexy	Tarun D. Singh, Navid Valizadeh, Fredric B. Meyer, John L. D. Atkinson, Dana Erickson, Alejandro A. Rabinstein	Journal of Neurosurgery	2015	11	10	6
10.3171/2014.10.jns14780	Symptomatic contralateral subdural hygromas after decompressive craniectomy: plausible causes and management protocols	Pravin Salunke, Ravi Garg, Ankur Kapoor, Rajesh Chhabra, Kanchan K. Mukherjee	Journal of Neurosurgery	2015	13	10	7
10.3171/2014.12.jns14908	Antimicrobial-impregnated and -coated shunt catheters for prevention of infections in patients with hydrocephalus: a systematic review and meta-analysis	Athanasios A. Konstantelias, Konstantinos Z. Vardakas, Konstantinos A. Polyzos, Giannoula S. Tansarli, Matthew E. Falagas	Journal of Neurosurgery	2015	11	10	10
10.3171/2014.5.jns132715	Chronic subdural hematoma: a systematic review and meta-analysis of surgical procedures	Weiming Liu, Nicolaas A. Bakker, Rob J. M. Groen	Journal of Neurosurgery	2014	14	10	9
10.3171/2014.7.peds14330	Pediatric hydrocephalus: systematic literature review and evidence-based guidelines. Part 10: Change in ventricle size as a measurement of effective treatment of hydrocephalus	Dimitrios C. Nikas, Alexander F. Post, Asim F. Choudhri, Catherine A. Mazzola, Laura Mitchell, Ann Marie Flannery	Journal of Neurosurgery: Pediatrics	2014	12	10	6
10.3171/2014.9.jns141813	Isolated cortical vein thrombosis: case series	Ranjodh Singh, William P. Cope, Zhiping Zhou, Michelle E. De Witt, John A. Boockvar, Apostolos J. Tsiouris	Journal of Neurosurgery	2015	11	10	9
10.3171/2014.10.jns132363	RNA interference targeting hypoxia-inducible factor 1α via a novel multifunctional surfactant attenuates glioma growth in an intracranial mouse model	David L. Gillespie, Maria T. Aguirre, Sandhya Ravichandran, Lisa L. Leishman, Claudia Berrondo, Joseph T. Gamboa, Libo Wang, Rose King, Xuli Wang, Mingqian Tan, Anthony Malamas, Zheng-Rong Lu, Randy L. Jensen	Journal of Neurosurgery	2015	10	9	5
10.3171/2014.10.jns141079	Clinical characteristics and long-term outcomes in patients with ruptured posterior inferior cerebellar artery aneurysms: a comparative analysis	Richard W. Williamson, David A. Wilson, Adib A. Abla, Cameron G. McDougall, Peter Nakaji, Felipe C. Albuquerque, Robert F. Spetzler	Journal of Neurosurgery	2015	11	9	9
10.3171/2014.10.jns141610	Adverse radiation effect after stereotactic radiosurgery for brain metastases: incidence, time course, and risk factors	Penny K. Sneed, Joe Mendez, Johanna G. M. Vemer-van den Hoek, Zachary A. Seymour, Lijun Ma, Annette M. Molinaro, Shannon E. Fogh, Jean L. Nakamura, Michael W. McDermott	Journal of Neurosurgery	2015	12	9	6
10.3171/2014.10.jns14377	Dural arteriovenous fistulas of the hypoglossal canal: systematic review on imaging anatomy, clinical findings, and endovascular management	Björn Spittau, Diego San Millán, Saad El-Sherifi, Claudia Hader, Tejinder Pal Singh, Edith Motschall, Werner Vach, Horst Urbach, Stephan Meckel	Journal of Neurosurgery	2015	11	9	7
10.3171/2014.10.peds143	A membranous structure separating the adenohypophysis and neurohypophysis: an anatomical study and its clinical application for craniopharyngioma	Yun-Tao Lu, Song-Tao Qi, Jia-Ming Xu, Jun Pan, Jin Shi	Journal of Neurosurgery: Pediatrics	2015	18	9	6
10.3171/2014.11.peds14334	Neoadjuvant chemotherapy for brain tumors in infants and young children	Junya Iwama, Hideki Ogiwara, Chikako Kiyotani, Keita Terashima, Kentaro Matsuoka, Hideto Iwafuchi, Nobuhito Morota	Journal of Neurosurgery: Pediatrics	2015	11	9	3
10.3171/2014.11.peds14468	Multimodal treatment strategies for complex pediatric cerebral arteriovenous fistulas: contemporary case series at Barrow Neurological Institute	Hasan A. Zaidi, M. Yashar S. Kalani, Robert F. Spetzler, Cameron G. McDougall, Felipe C. Albuquerque	Journal of Neurosurgery: Pediatrics	2015	9	9	9
10.3171/2014.7.peds14321	Pediatric hydrocephalus: systematic literature review and evidence-based guidelines. Part 1: Introduction and methodology	Ann Marie Flannery, Laura Mitchell	Journal of Neurosurgery: Pediatrics	2014	9	9	6
10.3171/2014.8.jns132557	Infections in patients undergoing craniotomy: risk factors associated with post-craniotomy meningitis	Irene S. Kourbeti, Antonis F. Vakis, Panayiotis Ziakas, Dimitris Karabetsos, Evangelos Potolidis, Silvana Christou, George Samonis	Journal of Neurosurgery	2015	9	9	7
10.3171/2014.9.peds14213	Primitive neuroectodermal tumors of the brainstem in children treated according to the HIT trials: clinical findings of a rare disease	Carsten Friedrich, Monika Warmuth-Metz, André O. von Bueren, Johannes Nowak, Brigitte Bison, Katja von Hoff, Torsten Pietsch, Rolf D. Kortmann, Stefan Rutkowski	Journal of Neurosurgery: Pediatrics	2015	11	9	6
10.3171/2014.10.jns131574	Complications of contralateral C-7 transfer through the modified prespinal route for repairing brachial plexus root avulsion injury: a retrospective study of 425 patients	Wenjun Li, Shufeng Wang, Jianyong Zhao, M. Fazlur Rahman, Yucheng Li, Pengcheng Li, Yunhao Xue	Journal of Neurosurgery	2015	10	8	7
10.3171/2014.10.jns141194	Microsurgical anatomy of the inferior limiting insular sulcus and the temporal stem	Eduardo Carvalhal Ribas, Kaan Yagmurlu, Hung Tzu Wen, Albert L. Rhoton	Journal of Neurosurgery	2015	8	8	5
10.3171/2014.10.jns14290	Predictors of excellent functional outcome in aneurysmal subarachnoid hemorrhage	Marianna Pegoli, Jay Mandrekar, Alejandro A. Rabinstein, Giuseppe Lanzino	Journal of Neurosurgery	2015	8	8	7
10.3171/2014.10.spine14371	Cortical screws used to rescue failed lumbar pedicle screw construct: a biomechanical analysis	Graham C. Calvert, Brandon D. Lawrence, Amir M. Abtahi, Kent N. Bachus, Darrel S. Brodke	Journal of Neurosurgery: Spine	2015	9	8	3
10.3171/2014.11.jns14594	Long-term quality of life in patients with vestibular schwannoma: an international multicenter cross-sectional study comparing microsurgery, stereotactic radiosurgery, observation, and nontumor controls	Matthew L. Carlson, Oystein Vesterli Tveiten, Colin L. Driscoll, Frederik K. Goplen, Brian A. Neff, Bruce E. Pollock, Nicole M. Tombers, Marina L. Castner, Monica K. Finnkirk, Erling Myrseth, Paal-Henning Pedersen, Morten Lund-Johansen, Michael J. Link	Journal of Neurosurgery	2015	8	8	6
10.3171/2014.12.peds14150	Repeat resective surgery in complex pediatric refractory epilepsy: lessons learned	Regina S. Bower, Elaine C. Wirrell, Laurence J. Eckel, Lily C. Wong-Kisiel, Katherine C. Nickels, Nicholas M. Wetjen	Journal of Neurosurgery: Pediatrics	2015	8	8	4
10.3171/2014.12.spine14590	Sacroiliac joint motion in patients with degenerative lumbar spine disorders	Yukitaka Nagamoto, Motoki Iwasaki, Hironobu Sakaura, Tsuyoshi Sugiura, Takahito Fujimori, Yohei Matsuo, Masafumi Kashii, Tsuyoshi Murase, Hideki Yoshikawa, Kazuomi Sugamoto	Journal of Neurosurgery: Spine	2015	11	8	6
10.3171/2014.7.peds14327	Pediatric hydrocephalus: systematic literature review and evidence-based guidelines. Part 7: Antibiotic-impregnated shunt systems versus conventional shunts in children: a systematic review and meta-analysis	Paul Klimo, Clinton J. Thompson, Lissa C. Baird, Ann Marie Flannery	Journal of Neurosurgery: Pediatrics	2014	8	8	4
10.3171/2014.9.focus14494	The role of cancer stem cells in glioblastoma	Swetha J. Sundar, Jason K. Hsieh, Sunil Manjila, Justin D. Lathia, Andrew Sloan	Neurosurgical Focus	2014	8	8	6
10.3171/2014.9.focus14505	Isocitrate dehydrogenase status and molecular subclasses of glioma and glioblastoma	Sameer Agnihotri, Kenneth D. Aldape, Gelareh Zadeh	Neurosurgical Focus	2014	9	8	4
10.3171/2014.9.jns131277	Cost-consequence analysis of antibiotic-impregnated shunts and external ventricular drains in hydrocephalus	Natalie C. Edwards, Luella Engelhart, Eva M. H. Casamento, Matthew J. McGirt	Journal of Neurosurgery	2015	9	8	6
10.3171/2014.9.jns131784	Formal protocol for emergency treatment of ruptured intracranial aneurysms to reduce in-hospital rebleeding and improve clinical outcomes	Jaechan Park, Hyunjin Woo, Dong-Hun Kang, Yong-Sun Kim, Min Young Kim, Im Hee Shin, Sang Gyu Kwak	Journal of Neurosurgery	2015	9	8	5
10.3171/2015.1.focus14664	Radiological evaluation of cervical spine involvement in rheumatoid arthritis	Andrei F. Joaquim, Enrico Ghizoni, Helder Tedeschi, Simone Appenzeller, K. Daniel Riew, None MD	Neurosurgical Focus	2015	8	8	6
10.3171/2015.1.focus14755	A practical review of prognostic correlations of molecular biomarkers in glioblastoma	Michael Karsy, Jayson A. Neil, Jian Guan, Mark A. Mahan, Howard Colman, Randy L. Jensen	Neurosurgical Focus	2015	8	8	6
10.3171/2015.2.jns132686	Medical treatment decision making after total avulsion brachial plexus injury: a qualitative study	Lauren E. Franzblau, Mallory Maynard, Kevin C. Chung, Lynda J.-S. Yang	Journal of Neurosurgery	2015	8	8	6
10.3171/2014.10.jns132694	Prognostic value of premorbid hypertension and neurological status in aneurysmal subarachnoid hemorrhage: pooled analyses of individual patient data in the SAHIT repository	Blessing N. R. Jaja, Hester Lingsma, Tom A. Schweizer, Kevin E. Thorpe, Ewout W. Steyerberg, R. Loch Macdonald	Journal of Neurosurgery	2015	8	7	5
10.3171/2014.10.jns14139	Gamma Knife radiosurgery for posterior fossa meningiomas: a multicenter study	Jason P. Sheehan, Robert M. Starke, Hideyuki Kano, Gene H. Barnett, David Mathieu, Veronica Chiang, James B. Yu, Judith Hess, Heyoung L. McBride, Norissa Honea, Peter Nakaji, John Y. K. Lee, Gazanfar Rahmathulla, Wendi A. Evanoff, Michelle Alonso-Basanta, L. Dade Lunsford	Journal of Neurosurgery	2015	9	7	7
10.3171/2014.10.jns141624	Predictors of sinonasal quality of life and nasal morbidity after fully endoscopic transsphenoidal surgery	Andrew S. Little, Daniel Kelly, John Milligan, Chester Griffiths, Daniel M. Prevedello, Ricardo L. Carrau, Gail Rosseau, Garni Barkhoudarian, Bradley A. Otto, Heidi Jahnke, Charlene Chaloner, Kathryn L. Jelinek, Kristina Chapple, William L. White	Journal of Neurosurgery	2015	12	7	5
10.3171/2014.10.jns14602	Short pressure reactivity index versus long pressure reactivity index in the management of traumatic brain injury	Erhard W. Lang, Magdalena Kasprowicz, Peter Smielewski, Edgar Santos, John Pickard, Marek Czosnyka	Journal of Neurosurgery	2015	8	7	6
10.3171/2014.10.peds14155	Hemispherectomy for treatment of refractory epilepsy in the pediatric age group: a systematic review	Christoph J. Griessenauer, Smeer Salam, Philipp Hendrix, Daxa M. Patel, R. Shane Tubbs, Jeffrey P. Blount, Peter A. Winkler	Journal of Neurosurgery: Pediatrics	2015	8	7	5
10.3171/2014.10.spine1498	Laminoplasty versus laminectomy and fusion for multilevel cervical myelopathy: a meta-analysis of clinical and radiological outcomes	Chang-Hyun Lee, Jaebong Lee, James D. Kang, Seung-Jae Hyun, Ki-Jeong Kim, Tae-Ahn Jahng, Hyun-Jib Kim	Journal of Neurosurgery: Spine	2015	9	7	7
10.3171/2014.11.jns13680	The utility of preoperative diffusion tensor imaging in the surgical management of brainstem cavernous malformations	Bruno C. Flores, Anthony R. Whittemore, Duke S. Samson, Samuel L. Barnett	Journal of Neurosurgery	2015	7	7	5
10.3171/2014.11.spine14579	Long-term follow-up study of osteoporotic vertebral compression fracture treated using balloon kyphoplasty and vertebroplasty	Jung-Tung Liu, Cho-shun Li, Cheng-Siu Chang, Wen-Jui Liao	Journal of Neurosurgery: Spine	2015	8	7	5
10.3171/2014.11.spine14805	A single-stage posterior approach with open reduction and pedicle screw fixation in subaxial cervical facet dislocations	Jin Hoon Park, Sung Woo Roh, Seung Chul Rhim	Journal of Neurosurgery: Spine	2015	7	7	6
10.3171/2014.12.focus14748	Quinoline-based antimalarial drugs: a novel class of autophagy inhibitors	Encouse B. Golden, Hee-Yeon Cho, Florence M. Hofman, Stan G. Louie, Axel H. Schönthal, Thomas C. Chen	Neurosurgical Focus	2015	8	7	5
10.3171/2014.12.jns141250	The influence of decompressive craniectomy for major stroke on early cerebral perfusion	Philipp Jörg Slotty, Marcel Alexander Kamp, Thomas Beez, Henrieke Beenen, Hans-Jakob Steiger, Bernd Turowski, Daniel Hänggi	Journal of Neurosurgery	2015	7	7	6
10.3171/2014.12.peds14251	The value of head circumference measurements after 36 months of age: a clinical report and review of practice patterns	Hector E. James, Anthony A. Perszyk, Teresa L. MacGregor, Philipp R. Aldana	Journal of Neurosurgery: Pediatrics	2015	8	7	4
10.3171/2014.12.spine14477	Effect of steroid use in anterior cervical discectomy and fusion: a randomized controlled trial	Shiveindra B. Jeyamohan, Tyler J. Kenning, Karen A. Petronis, Paul J. Feustel, Doniel Drazin, Darryl J. DiRisio	Journal of Neurosurgery: Spine	2015	9	7	3
10.3171/2014.12.spine14543	Posterior thoracic corpectomy with cage reconstruction for metastatic spinal tumors: comparing the mini-open approach to the open approach	Darryl Lau, Dean Chou	Journal of Neurosurgery: Spine	2015	7	7	4
10.3171/2014.5.focus1483	Use of computed tomography for assessing bone mineral density	Joseph J. Schreiber, Paul A. Anderson, Wellington K. Hsu	Neurosurgical Focus	2014	8	7	1
10.3171/2014.7.jns131826	Neurostimulation for traumatic brain injury	Samuel S. Shin, C. Edward Dixon, David O. Okonkwo, R. Mark Richardson	Journal of Neurosurgery	2014	9	7	6
10.3171/2014.7.jns132829	Anticonvulsant prophylaxis for brain tumor surgery: determining the current best available evidence	Eli T. Sayegh, Shayan Fakurnejad, Taemin Oh, Orin Bloch, Andrew T. Parsa	Journal of Neurosurgery	2014	7	7	7
10.3171/2014.7.peds14324	Pediatric hydrocephalus: systematic literature review and evidence-based guidelines. Part 4: Cerebrospinal fluid shunt or endoscopic third ventriculostomy for the treatment of hydrocephalus in children	David D. Limbrick, Lissa C. Baird, Paul Klimo, Jay Riva-Cambrin, Ann Marie Flannery	Journal of Neurosurgery: Pediatrics	2014	8	7	4
10.3171/2014.8.jns132525	Improved preservation of function during acoustic neuroma surgery	Hirofumi Nakatomi, Hidemi Miyazaki, Minoru Tanaka, Taichi Kin, Masanori Yoshino, Hiroshi Oyama, Masaaki Usui, Hiroshi Moriyama, Hiromi Kojima, Kimitaka Kaga, Nobuhito Saito	Journal of Neurosurgery	2015	9	7	6
10.3171/2014.9.focus14521	Molecular and cellular heterogeneity: the hallmark of glioblastoma	Diane J. Aum, David H. Kim, Thomas L. Beaumont, Eric C. Leuthardt, Gavin P. Dunn, Albert H. Kim	Neurosurgical Focus	2014	8	7	5
10.3171/2014.9.jns132253	Stem cell signature in glioblastoma: therapeutic development for a moving target	Ichiro Nakano	Journal of Neurosurgery	2015	10	7	5
10.3171/2014.9.jns14107	Frameless robotic stereotactic biopsies: a consecutive series of 100 cases	Michel Lefranc, Cyrille Capel, Anne-Sophie Pruvot-Occean, Anthony Fichten, Christine Desenclos, Patrick Toussaint, Daniel Le Gars, Johann Peltier	Journal of Neurosurgery	2015	8	7	6
10.3171/2014.9.jns141397	Combined rigid and flexible endoscopy for tumors in the posterior third ventricle	Jonathan Roth, Shlomi Constantini	Journal of Neurosurgery	2015	7	7	7
10.3171/2014.9.jns141714	Endovascular transvenous cure for ruptured brain arteriovenous malformations in complex cases with high Spetzler-Martin grades	Christina Iosif, Georges A. C. Mendes, Suzana Saleme, Sanita Ponomarjova, Eduardo Pedrolo Silveira, Francois Caire, Charbel Mounayer	Journal of Neurosurgery	2015	10	7	6
10.3171/2014.9.peds12427	Volumetric brain analysis in neurosurgery: Part 2. Brain and CSF volumes discriminate neurocognitive outcomes in hydrocephalus	Jason G. Mandell, Abhaya V. Kulkarni, Benjamin C. Warf, Steven J. Schiff	Journal of Neurosurgery: Pediatrics	2015	9	7	6
10.3171/2015.1.focus14781	Surgical treatment of Type II odontoid fractures: anterior odontoid screw fixation or posterior cervical instrumented fusion?	Andrei F. Joaquim, Alpesh A. Patel	Neurosurgical Focus	2015	7	7	4
10.3171/2015.1.jns14946	On-demand pulsatile intracerebral delivery of carisbamate with closed-loop direct neurostimulation therapy in an electrically induced self-sustained focal-onset epilepsy rat model	Erwin Z. Mangubat, Robert G. Kellogg, Timothy J. Harris, Marvin A. Rossi	Journal of Neurosurgery	2015	7	7	5
10.3171/2015.2.jns132507	Study of the biodistribution of fluorescein in glioma-infiltrated mouse brain and histopathological correlation of intraoperative findings in high-grade gliomas resected under fluorescein fluorescence guidance	Roberto Jose Diaz, Roberto Rey Dios, Eyas M. Hattab, Kelly Burrell, Patricia Rakopoulos, Nesrin Sabha, Cynthia Hawkins, Gelareh Zadeh, James T. Rutka, Aaron A. Cohen-Gadol	Journal of Neurosurgery	2015	7	7	6
10.3171/2013.10.jns13103	Clinical application of perfusion computed tomography in neurosurgery	Abel Po-Hao Huang, Jui-Chang Tsai, Lu-Ting Kuo, Chung-Wei Lee, Hong-Shiee Lai, Li-Kai Tsai, Sheng-Jean Huang, Chien-Min Chen, Yuan-Shen Chen, Hao-Yu Chuang, Max Wintermark	Journal of Neurosurgery	2014	6	6	5
10.3171/2013.11.focus13486	Potential application of a handheld confocal endomicroscope imaging system using a variety of fluorophores in experimental gliomas and normal brain	Nikolay L. Martirosyan, Joseph Georges, Jennifer M. Eschbacher, Daniel D. Cavalcanti, Ali M. Elhadi, Mohammed G. Abdelwahab, Adrienne C. Scheck, Peter Nakaji, Robert F. Spetzler, Mark C. Preul	Neurosurgical Focus	2014	6	6	2
10.3171/2013.11.jns131607	Stereotactic radiosurgery for cerebellopontine angle meningiomas	Seong-Hyun Park, Hideyuki Kano, Ajay Niranjan, John C. Flickinger, L. Dade Lunsford	Journal of Neurosurgery	2014	6	6	1
10.3171/2014.10.jns132369	Clinical features and long-term outcomes of moyamoya disease: a single-center experience with 528 cases in China	Xing-ju Liu, Dong Zhang, Shuo Wang, Yuan-li Zhao, Mario Teo, Rong Wang, Yong Cao, Xun Ye, Shuai Kang, Ji-Zong Zhao	Journal of Neurosurgery	2015	7	6	2
10.3171/2014.10.jns132766	A prospective comparative study of microscope-integrated intraoperative fluorescein and indocyanine videoangiography for clip ligation of complex cerebral aneurysms	Brandon Lane, Bradley N. Bohnstedt, Aaron A. Cohen-Gadol	Journal of Neurosurgery	2015	6	6	5
10.3171/2014.10.jns13395	Comparative effectiveness of antibiotic-impregnated shunt catheters in the treatment of adult and pediatric hydrocephalus: analysis of 12,589 consecutive cases from 287 US hospital systems	Scott L. Parker, Matthew J. McGirt, Jeffrey A. Murphy, J. Thomas Megerian, Michael Stout, Luella Engelhart	Journal of Neurosurgery	2015	6	6	4
10.3171/2014.10.jns14231	Unstable moyamoya disease: clinical features and impact on perioperative ischemic complications	Takeshi Funaki, Jun C. Takahashi, Yasushi Takagi, Takayuki Kikuchi, Kazumichi Yoshida, Takafumi Mitsuhara, Hiroharu Kataoka, Tomohisa Okada, Yasutaka Fushimi, Susumu Miyamoto	Journal of Neurosurgery	2015	6	6	3
10.3171/2014.10.jns145	Anatomy of the subthalamic nucleus, with correlation of deep brain stimulation [RETRACTED]	Akın Akakın, Baran Yılmaz, Türker Kılıç, Albert L. Rhoton	Journal of Neurosurgery	2015	9	6	4
10.3171/2014.10.peds14295	Pediatric and adult Chiari malformation Type I surgical series 1965–2013: a review of demographics, operative treatment, and outcomes	Aska Arnautovic, Bruno Splavski, Frederick A. Boop, Kenan I. Arnautovic	Journal of Neurosurgery: Pediatrics	2015	7	6	4
10.3171/2014.10.peds1430	The supraorbital eyebrow approach in children: clinical outcomes, cosmetic results, and complications	Brian J. Dlouhy, Michael P. Chae, Charles Teo	Journal of Neurosurgery: Pediatrics	2015	6	6	5
10.3171/2014.10.peds14302	Interstitial radiotherapy using phosphorus-32 for giant posterior fossa cystic craniopharyngiomas	Xin Yu, Jianning Zhang, Rui Liu, Yaming Wang, Hongwei Wang, Peng Wang, Jinhui Chen, Song Liu	Journal of Neurosurgery: Pediatrics	2015	6	6	4
10.3171/2014.10.spine13937	Giant cell tumors of the spine: has denosumab changed the treatment paradigm?	Tony Goldschlager, Nicolas Dea, Michael Boyd, Jeremy Reynolds, Shreyaskumar Patel, Laurence D. Rhines, Ehud Mendel, Marina Pacheco, Edwin Ramos, Tobias A. Mattei, Charles G. Fisher	Journal of Neurosurgery: Spine	2015	6	6	5
10.3171/2014.10.spine14516	Surgical and clinical efficacy of sacroiliac joint fusion: a systematic review of the literature	Hasan A. Zaidi, Andrew J. Montoure, Curtis A. Dickman	Journal of Neurosurgery: Spine	2015	7	6	5
10.3171/2014.11.jns14271	Cerebrolysin improves cognitive performance in rats after mild traumatic brain injury	Yanlu Zhang, Michael Chopp, Yuling Meng, Zheng Gang Zhang, Edith Doppler, Stefan Winter, Timothy Schallert, Asim Mahmood, Ye Xiong	Journal of Neurosurgery	2015	6	6	4
10.3171/2014.11.jns14889	A probabilistic map of the human ventral sensorimotor cortex using electrical stimulation	Jonathan D. Breshears, Annette M. Molinaro, Edward F. Chang	Journal of Neurosurgery	2015	8	6	3
10.3171/2014.12.jns14281	The anatomy of Meyer's loop revisited: changing the anatomical paradigm of the temporal loop based on evidence from fiber microdissection	Cristina Goga, Uğur Türe	Journal of Neurosurgery	2015	6	6	4
10.3171/2014.12.peds14604	Spring-assisted cranial vault expansion in the setting of multisutural craniosynostosis and anomalous venous drainage: case report	Melinda A. Costa, Laurie L. Ackerman, Sunil S. Tholpady, S. Travis Greathouse, Youssef Tahiri, Roberto L. Flores	Journal of Neurosurgery: Pediatrics	2015	7	6	5
10.3171/2014.12.peds14609	Medullary hemangioblastoma in a child with von Hippel-Lindau disease: vascular tumor perfusion depicted by arterial spin labeling and dynamic contrast-enhanced imaging	Hyun Woo Goo, Young-Shin Ra	Journal of Neurosurgery: Pediatrics	2015	6	6	4
10.3171/2014.12.spine14620	Rotational thromboelastometry–guided blood product management in major spine surgery	Bhiken I. Naik, Thomas N. Pajewski, David I. Bogdonoff, Zhiyi Zuo, Pamela Clark, Abdullah S. Terkawi, Marcel E. Durieux, Christopher I. Shaffrey, Edward C. Nemergut	Journal of Neurosurgery: Spine	2015	6	6	4
10.3171/2014.3.jns132419	Suprajugular extension of the retrosigmoid approach: microsurgical anatomy	Ken Matsushima, Michihiro Kohno, Noritaka Komune, Koichi Miki, Toshio Matsushima, Albert L. Rhoton	Journal of Neurosurgery	2014	6	6	2
